Sequence;Device;App;Media type;Codec;Width;Height;FPS;Duration (sec);Timestamp;% CPU;% MEM
elephants_dream;SamsungA31;pAV0NE;local;AV1;704;480;24;125;0;9.0;5.6
elephants_dream;SamsungA31;pAV0NE;local;AV1;704;480;24;125;12;9.3;6.1
elephants_dream;SamsungA31;pAV0NE;local;AV1;704;480;24;125;25;11.3;6.1
elephants_dream;SamsungA31;pAV0NE;local;AV1;704;480;24;125;37;11.2;6.1
elephants_dream;SamsungA31;pAV0NE;local;AV1;704;480;24;125;50;10.1;6.1
elephants_dream;SamsungA31;pAV0NE;local;AV1;704;480;24;125;62;9.3;6.1
elephants_dream;SamsungA31;pAV0NE;local;AV1;704;480;24;125;75;8.9;6.1
elephants_dream;SamsungA31;pAV0NE;local;AV1;704;480;24;125;87;10.4;6.1
elephants_dream;SamsungA31;pAV0NE;local;AV1;704;480;24;125;100;11.0;6.1
elephants_dream;SamsungA31;pAV0NE;local;AV1;704;480;24;125;112;11.8;6.1
elephants_dream;SamsungA31;pAV0NE;local;AVC;704;480;24;125;0;5.3;5.1
elephants_dream;SamsungA31;pAV0NE;local;AVC;704;480;24;125;12;4.3;5.4
elephants_dream;SamsungA31;pAV0NE;local;AVC;704;480;24;125;25;3.9;5.4
elephants_dream;SamsungA31;pAV0NE;local;AVC;704;480;24;125;37;3.7;5.4
elephants_dream;SamsungA31;pAV0NE;local;AVC;704;480;24;125;50;3.7;5.4
elephants_dream;SamsungA31;pAV0NE;local;AVC;704;480;24;125;62;3.6;5.4
elephants_dream;SamsungA31;pAV0NE;local;AVC;704;480;24;125;75;3.5;5.5
elephants_dream;SamsungA31;pAV0NE;local;AVC;704;480;24;125;87;3.5;5.5
elephants_dream;SamsungA31;pAV0NE;local;AVC;704;480;24;125;100;3.5;5.5
elephants_dream;SamsungA31;pAV0NE;local;AVC;704;480;24;125;112;3.6;5.5
elephants_dream;SamsungA31;pAV0NE;local;HEVC;704;480;24;125;0;3.5;5.6
elephants_dream;SamsungA31;pAV0NE;local;HEVC;704;480;24;125;12;3.5;5.5
elephants_dream;SamsungA31;pAV0NE;local;HEVC;704;480;24;125;25;3.4;5.5
elephants_dream;SamsungA31;pAV0NE;local;HEVC;704;480;24;125;37;3.5;5.5
elephants_dream;SamsungA31;pAV0NE;local;HEVC;704;480;24;125;50;3.5;5.5
elephants_dream;SamsungA31;pAV0NE;local;HEVC;704;480;24;125;62;3.5;5.5
elephants_dream;SamsungA31;pAV0NE;local;HEVC;704;480;24;125;75;3.4;5.5
elephants_dream;SamsungA31;pAV0NE;local;HEVC;704;480;24;125;87;3.4;5.5
elephants_dream;SamsungA31;pAV0NE;local;HEVC;704;480;24;125;100;3.4;5.5
elephants_dream;SamsungA31;pAV0NE;local;HEVC;704;480;24;125;112;3.4;5.5
elephants_dream;SamsungA31;VLC;local;AV1;704;480;24;125;0;9.6;7.4
elephants_dream;SamsungA31;VLC;local;AV1;704;480;24;125;12;10.2;7.5
elephants_dream;SamsungA31;VLC;local;AV1;704;480;24;125;25;13.0;7.5
elephants_dream;SamsungA31;VLC;local;AV1;704;480;24;125;37;12.4;7.6
elephants_dream;SamsungA31;VLC;local;AV1;704;480;24;125;50;11.2;7.5
elephants_dream;SamsungA31;VLC;local;AV1;704;480;24;125;62;10.1;7.5
elephants_dream;SamsungA31;VLC;local;AV1;704;480;24;125;75;9.8;7.5
elephants_dream;SamsungA31;VLC;local;AV1;704;480;24;125;87;11.1;7.5
elephants_dream;SamsungA31;VLC;local;AV1;704;480;24;125;100;11.8;7.5
elephants_dream;SamsungA31;VLC;local;AV1;704;480;24;125;112;13.5;7.5
elephants_dream;SamsungA31;VLC;local;AVC;704;480;24;125;0;2.3;7.0
elephants_dream;SamsungA31;VLC;local;AVC;704;480;24;125;12;2.4;7.2
elephants_dream;SamsungA31;VLC;local;AVC;704;480;24;125;25;2.5;7.2
elephants_dream;SamsungA31;VLC;local;AVC;704;480;24;125;37;2.4;7.3
elephants_dream;SamsungA31;VLC;local;AVC;704;480;24;125;50;2.4;7.2
elephants_dream;SamsungA31;VLC;local;AVC;704;480;24;125;62;2.4;7.2
elephants_dream;SamsungA31;VLC;local;AVC;704;480;24;125;75;3.1;7.2
elephants_dream;SamsungA31;VLC;local;AVC;704;480;24;125;87;2.8;7.6
elephants_dream;SamsungA31;VLC;local;AVC;704;480;24;125;100;2.8;7.6
elephants_dream;SamsungA31;VLC;local;AVC;704;480;24;125;112;2.8;7.6
elephants_dream;SamsungA31;VLC;local;HEVC;704;480;24;125;0;2.5;7.1
elephants_dream;SamsungA31;VLC;local;HEVC;704;480;24;125;12;2.4;7.3
elephants_dream;SamsungA31;VLC;local;HEVC;704;480;24;125;25;2.4;7.3
elephants_dream;SamsungA31;VLC;local;HEVC;704;480;24;125;37;2.4;7.4
elephants_dream;SamsungA31;VLC;local;HEVC;704;480;24;125;50;2.3;7.3
elephants_dream;SamsungA31;VLC;local;HEVC;704;480;24;125;62;2.4;7.3
elephants_dream;SamsungA31;VLC;local;HEVC;704;480;24;125;75;2.9;7.3
elephants_dream;SamsungA31;VLC;local;HEVC;704;480;24;125;87;2.7;7.7
elephants_dream;SamsungA31;VLC;local;HEVC;704;480;24;125;100;2.7;7.7
elephants_dream;SamsungA31;VLC;local;HEVC;704;480;24;125;112;2.7;7.7
big_buck_bunny;SamsungA31;pAV0NE;local;AV1;854;480;24;125;0;7.5;5.2
big_buck_bunny;SamsungA31;pAV0NE;local;AV1;854;480;24;125;12;8.3;5.9
big_buck_bunny;SamsungA31;pAV0NE;local;AV1;854;480;24;125;25;8.0;5.9
big_buck_bunny;SamsungA31;pAV0NE;local;AV1;854;480;24;125;37;8.0;5.9
big_buck_bunny;SamsungA31;pAV0NE;local;AV1;854;480;24;125;50;8.1;5.9
big_buck_bunny;SamsungA31;pAV0NE;local;AV1;854;480;24;125;62;7.6;5.9
big_buck_bunny;SamsungA31;pAV0NE;local;AV1;854;480;24;125;75;8.7;5.9
big_buck_bunny;SamsungA31;pAV0NE;local;AV1;854;480;24;125;87;6.9;5.9
big_buck_bunny;SamsungA31;pAV0NE;local;AV1;854;480;24;125;100;7.7;5.9
big_buck_bunny;SamsungA31;pAV0NE;local;AV1;854;480;24;125;112;8.4;5.9
big_buck_bunny;SamsungA31;pAV0NE;local;AV1;854;480;24;125;125;3.5;6.0
big_buck_bunny;SamsungA31;pAV0NE;local;AVC;854;480;24;125;0;5.6;4.5
big_buck_bunny;SamsungA31;pAV0NE;local;AVC;854;480;24;125;12;4.1;5.3
big_buck_bunny;SamsungA31;pAV0NE;local;AVC;854;480;24;125;25;3.7;5.3
big_buck_bunny;SamsungA31;pAV0NE;local;AVC;854;480;24;125;37;3.4;5.3
big_buck_bunny;SamsungA31;pAV0NE;local;AVC;854;480;24;125;50;3.3;5.3
big_buck_bunny;SamsungA31;pAV0NE;local;AVC;854;480;24;125;62;3.1;5.3
big_buck_bunny;SamsungA31;pAV0NE;local;AVC;854;480;24;125;75;3.2;5.3
big_buck_bunny;SamsungA31;pAV0NE;local;AVC;854;480;24;125;87;3.2;5.3
big_buck_bunny;SamsungA31;pAV0NE;local;AVC;854;480;24;125;100;3.1;5.3
big_buck_bunny;SamsungA31;pAV0NE;local;AVC;854;480;24;125;112;3.2;5.3
big_buck_bunny;SamsungA31;pAV0NE;local;AVC;854;480;24;125;125;1.8;5.3
big_buck_bunny;SamsungA31;pAV0NE;local;HEVC;854;480;24;125;0;4.8;4.5
big_buck_bunny;SamsungA31;pAV0NE;local;HEVC;854;480;24;125;12;3.9;5.2
big_buck_bunny;SamsungA31;pAV0NE;local;HEVC;854;480;24;125;25;3.7;5.2
big_buck_bunny;SamsungA31;pAV0NE;local;HEVC;854;480;24;125;37;3.5;5.2
big_buck_bunny;SamsungA31;pAV0NE;local;HEVC;854;480;24;125;50;3.2;5.2
big_buck_bunny;SamsungA31;pAV0NE;local;HEVC;854;480;24;125;62;3.3;5.2
big_buck_bunny;SamsungA31;pAV0NE;local;HEVC;854;480;24;125;75;3.2;5.2
big_buck_bunny;SamsungA31;pAV0NE;local;HEVC;854;480;24;125;87;3.1;5.2
big_buck_bunny;SamsungA31;pAV0NE;local;HEVC;854;480;24;125;100;3.1;5.2
big_buck_bunny;SamsungA31;pAV0NE;local;HEVC;854;480;24;125;112;3.2;5.2
big_buck_bunny;SamsungA31;pAV0NE;local;HEVC;854;480;24;125;125;1.6;5.2
big_buck_bunny;SamsungA31;VLC;local;AV1;854;480;24;125;0;6.9;6.8
big_buck_bunny;SamsungA31;VLC;local;AV1;854;480;24;125;12;8.3;7.1
big_buck_bunny;SamsungA31;VLC;local;AV1;854;480;24;125;25;9.0;7.1
big_buck_bunny;SamsungA31;VLC;local;AV1;854;480;24;125;37;8.6;7.2
big_buck_bunny;SamsungA31;VLC;local;AV1;854;480;24;125;50;8.8;7.1
big_buck_bunny;SamsungA31;VLC;local;AV1;854;480;24;125;62;8.8;7.1
big_buck_bunny;SamsungA31;VLC;local;AV1;854;480;24;125;75;10.0;7.1
big_buck_bunny;SamsungA31;VLC;local;AV1;854;480;24;125;87;7.0;7.1
big_buck_bunny;SamsungA31;VLC;local;AV1;854;480;24;125;100;8.2;7.0
big_buck_bunny;SamsungA31;VLC;local;AV1;854;480;24;125;112;8.8;7.1
big_buck_bunny;SamsungA31;VLC;local;AV1;854;480;24;125;125;5.2;7.1
big_buck_bunny;SamsungA31;VLC;local;AVC;854;480;24;125;0;2.0;6.7
big_buck_bunny;SamsungA31;VLC;local;AVC;854;480;24;125;12;2.0;7.2
big_buck_bunny;SamsungA31;VLC;local;AVC;854;480;24;125;25;2.1;7.2
big_buck_bunny;SamsungA31;VLC;local;AVC;854;480;24;125;37;1.9;7.2
big_buck_bunny;SamsungA31;VLC;local;AVC;854;480;24;125;50;2.0;7.2
big_buck_bunny;SamsungA31;VLC;local;AVC;854;480;24;125;62;2.0;7.3
big_buck_bunny;SamsungA31;VLC;local;AVC;854;480;24;125;75;1.9;7.3
big_buck_bunny;SamsungA31;VLC;local;AVC;854;480;24;125;87;2.0;7.3
big_buck_bunny;SamsungA31;VLC;local;AVC;854;480;24;125;100;2.1;7.3
big_buck_bunny;SamsungA31;VLC;local;AVC;854;480;24;125;112;2.0;7.3
big_buck_bunny;SamsungA31;VLC;local;AVC;854;480;24;125;125;1.6;7.4
big_buck_bunny;SamsungA31;VLC;local;HEVC;854;480;24;125;0;2.0;6.7
big_buck_bunny;SamsungA31;VLC;local;HEVC;854;480;24;125;12;1.9;6.8
big_buck_bunny;SamsungA31;VLC;local;HEVC;854;480;24;125;25;1.8;6.8
big_buck_bunny;SamsungA31;VLC;local;HEVC;854;480;24;125;37;1.9;6.8
big_buck_bunny;SamsungA31;VLC;local;HEVC;854;480;24;125;50;2.0;6.8
big_buck_bunny;SamsungA31;VLC;local;HEVC;854;480;24;125;62;1.9;6.8
big_buck_bunny;SamsungA31;VLC;local;HEVC;854;480;24;125;75;1.9;6.8
big_buck_bunny;SamsungA31;VLC;local;HEVC;854;480;24;125;87;2.0;6.7
big_buck_bunny;SamsungA31;VLC;local;HEVC;854;480;24;125;100;2.0;6.7
big_buck_bunny;SamsungA31;VLC;local;HEVC;854;480;24;125;112;2.0;6.7
big_buck_bunny;SamsungA31;VLC;local;HEVC;854;480;24;125;125;1.6;6.7
park_joy;SamsungA31;pAV0NE;local;AV1;1280;720;50;90;0;19.0;6.0
park_joy;SamsungA31;pAV0NE;local;AV1;1280;720;50;90;9;19.9;6.9
park_joy;SamsungA31;pAV0NE;local;AV1;1280;720;50;90;19;20.1;6.9
park_joy;SamsungA31;pAV0NE;local;AV1;1280;720;50;90;28;20.0;6.9
park_joy;SamsungA31;pAV0NE;local;AV1;1280;720;50;90;38;20.5;6.9
park_joy;SamsungA31;pAV0NE;local;AV1;1280;720;50;90;47;19.8;6.9
park_joy;SamsungA31;pAV0NE;local;AV1;1280;720;50;90;57;20.2;6.9
park_joy;SamsungA31;pAV0NE;local;AV1;1280;720;50;90;66;20.0;6.9
park_joy;SamsungA31;pAV0NE;local;AV1;1280;720;50;90;76;19.6;6.9
park_joy;SamsungA31;pAV0NE;local;AV1;1280;720;50;90;85;21.2;6.9
park_joy;SamsungA31;pAV0NE;local;AVC;1280;720;50;90;0;5.0;7.1
park_joy;SamsungA31;pAV0NE;local;AVC;1280;720;50;90;9;5.4;6.3
park_joy;SamsungA31;pAV0NE;local;AVC;1280;720;50;90;19;5.4;6.3
park_joy;SamsungA31;pAV0NE;local;AVC;1280;720;50;90;28;5.4;6.3
park_joy;SamsungA31;pAV0NE;local;AVC;1280;720;50;90;38;5.3;6.3
park_joy;SamsungA31;pAV0NE;local;AVC;1280;720;50;90;47;5.4;6.3
park_joy;SamsungA31;pAV0NE;local;AVC;1280;720;50;90;57;5.1;6.3
park_joy;SamsungA31;pAV0NE;local;AVC;1280;720;50;90;66;5.3;6.3
park_joy;SamsungA31;pAV0NE;local;AVC;1280;720;50;90;76;5.4;5.4
park_joy;SamsungA31;pAV0NE;local;AVC;1280;720;50;90;85;4.0;5.4
park_joy;SamsungA31;pAV0NE;local;HEVC;1280;720;50;90;0;5.2;5.6
park_joy;SamsungA31;pAV0NE;local;HEVC;1280;720;50;90;9;5.3;5.9
park_joy;SamsungA31;pAV0NE;local;HEVC;1280;720;50;90;19;5.3;5.9
park_joy;SamsungA31;pAV0NE;local;HEVC;1280;720;50;90;28;5.3;5.9
park_joy;SamsungA31;pAV0NE;local;HEVC;1280;720;50;90;38;5.3;5.9
park_joy;SamsungA31;pAV0NE;local;HEVC;1280;720;50;90;47;5.3;5.9
park_joy;SamsungA31;pAV0NE;local;HEVC;1280;720;50;90;57;5.2;5.9
park_joy;SamsungA31;pAV0NE;local;HEVC;1280;720;50;90;66;5.3;5.9
park_joy;SamsungA31;pAV0NE;local;HEVC;1280;720;50;90;76;5.1;5.9
park_joy;SamsungA31;pAV0NE;local;HEVC;1280;720;50;90;85;5.2;5.9
park_joy;SamsungA31;VLC;local;AV1;1280;720;50;90;0;26.8;7.7
park_joy;SamsungA31;VLC;local;AV1;1280;720;50;90;9;32.4;7.9
park_joy;SamsungA31;VLC;local;AV1;1280;720;50;90;19;32.1;8.0
park_joy;SamsungA31;VLC;local;AV1;1280;720;50;90;28;32.0;7.9
park_joy;SamsungA31;VLC;local;AV1;1280;720;50;90;38;31.8;8.3
park_joy;SamsungA31;VLC;local;AV1;1280;720;50;90;47;32.4;8.4
park_joy;SamsungA31;VLC;local;AV1;1280;720;50;90;57;31.9;8.4
park_joy;SamsungA31;VLC;local;AV1;1280;720;50;90;66;31.1;8.6
park_joy;SamsungA31;VLC;local;AV1;1280;720;50;90;76;31.9;8.5
park_joy;SamsungA31;VLC;local;AV1;1280;720;50;90;85;32.6;8.5
park_joy;SamsungA31;VLC;local;AVC;1280;720;50;90;0;4.6;7.3
park_joy;SamsungA31;VLC;local;AVC;1280;720;50;90;9;5.0;7.4
park_joy;SamsungA31;VLC;local;AVC;1280;720;50;90;19;5.0;7.4
park_joy;SamsungA31;VLC;local;AVC;1280;720;50;90;28;4.7;7.4
park_joy;SamsungA31;VLC;local;AVC;1280;720;50;90;38;5.3;7.4
park_joy;SamsungA31;VLC;local;AVC;1280;720;50;90;47;5.1;7.8
park_joy;SamsungA31;VLC;local;AVC;1280;720;50;90;57;5.3;7.7
park_joy;SamsungA31;VLC;local;AVC;1280;720;50;90;66;5.2;7.7
park_joy;SamsungA31;VLC;local;AVC;1280;720;50;90;76;5.3;7.7
park_joy;SamsungA31;VLC;local;AVC;1280;720;50;90;85;5.4;7.8
park_joy;SamsungA31;VLC;local;HEVC;1280;720;50;90;0;4.8;7.8
park_joy;SamsungA31;VLC;local;HEVC;1280;720;50;90;9;4.9;7.8
park_joy;SamsungA31;VLC;local;HEVC;1280;720;50;90;19;4.9;7.8
park_joy;SamsungA31;VLC;local;HEVC;1280;720;50;90;28;5.0;7.8
park_joy;SamsungA31;VLC;local;HEVC;1280;720;50;90;38;4.8;7.8
park_joy;SamsungA31;VLC;local;HEVC;1280;720;50;90;47;4.9;7.8
park_joy;SamsungA31;VLC;local;HEVC;1280;720;50;90;57;4.9;7.8
park_joy;SamsungA31;VLC;local;HEVC;1280;720;50;90;66;4.9;7.8
park_joy;SamsungA31;VLC;local;HEVC;1280;720;50;90;76;5.0;7.8
park_joy;SamsungA31;VLC;local;HEVC;1280;720;50;90;85;4.2;7.8
marathon;SamsungA31;pAV0NE;local;AV1;1280;720;30;90;0;16.5;7.0
marathon;SamsungA31;pAV0NE;local;AV1;1280;720;30;90;9;17.1;7.2
marathon;SamsungA31;pAV0NE;local;AV1;1280;720;30;90;19;16.8;7.2
marathon;SamsungA31;pAV0NE;local;AV1;1280;720;30;90;28;16.6;7.2
marathon;SamsungA31;pAV0NE;local;AV1;1280;720;30;90;38;17.0;7.2
marathon;SamsungA31;pAV0NE;local;AV1;1280;720;30;90;47;16.6;7.2
marathon;SamsungA31;pAV0NE;local;AV1;1280;720;30;90;57;16.8;7.2
marathon;SamsungA31;pAV0NE;local;AV1;1280;720;30;90;66;16.6;7.2
marathon;SamsungA31;pAV0NE;local;AV1;1280;720;30;90;76;16.9;7.2
marathon;SamsungA31;pAV0NE;local;AV1;1280;720;30;90;85;16.9;7.2
marathon;SamsungA31;pAV0NE;local;AVC;1280;720;30;90;0;4.1;7.3
marathon;SamsungA31;pAV0NE;local;AVC;1280;720;30;90;9;4.2;6.4
marathon;SamsungA31;pAV0NE;local;AVC;1280;720;30;90;19;4.1;6.4
marathon;SamsungA31;pAV0NE;local;AVC;1280;720;30;90;28;3.4;6.4
marathon;SamsungA31;pAV0NE;local;AVC;1280;720;30;90;38;3.7;6.2
marathon;SamsungA31;pAV0NE;local;AVC;1280;720;30;90;47;4.0;6.2
marathon;SamsungA31;pAV0NE;local;AVC;1280;720;30;90;57;4.0;6.2
marathon;SamsungA31;pAV0NE;local;AVC;1280;720;30;90;66;4.0;6.2
marathon;SamsungA31;pAV0NE;local;AVC;1280;720;30;90;76;3.9;6.2
marathon;SamsungA31;pAV0NE;local;AVC;1280;720;30;90;85;4.0;6.2
marathon;SamsungA31;pAV0NE;local;HEVC;1280;720;30;90;0;4.2;6.2
marathon;SamsungA31;pAV0NE;local;HEVC;1280;720;30;90;9;4.2;5.2
marathon;SamsungA31;pAV0NE;local;HEVC;1280;720;30;90;19;4.2;5.2
marathon;SamsungA31;pAV0NE;local;HEVC;1280;720;30;90;28;4.1;5.2
marathon;SamsungA31;pAV0NE;local;HEVC;1280;720;30;90;38;4.0;5.2
marathon;SamsungA31;pAV0NE;local;HEVC;1280;720;30;90;47;4.1;5.2
marathon;SamsungA31;pAV0NE;local;HEVC;1280;720;30;90;57;4.0;5.2
marathon;SamsungA31;pAV0NE;local;HEVC;1280;720;30;90;66;3.7;5.2
marathon;SamsungA31;pAV0NE;local;HEVC;1280;720;30;90;76;4.0;5.2
marathon;SamsungA31;pAV0NE;local;HEVC;1280;720;30;90;85;3.9;5.2
marathon;SamsungA31;VLC;local;AV1;1280;720;30;90;0;21.2;7.0
marathon;SamsungA31;VLC;local;AV1;1280;720;30;90;9;23.9;7.5
marathon;SamsungA31;VLC;local;AV1;1280;720;30;90;19;23.2;7.5
marathon;SamsungA31;VLC;local;AV1;1280;720;30;90;28;24.4;7.5
marathon;SamsungA31;VLC;local;AV1;1280;720;30;90;38;23.9;7.5
marathon;SamsungA31;VLC;local;AV1;1280;720;30;90;47;24.5;7.6
marathon;SamsungA31;VLC;local;AV1;1280;720;30;90;57;24.2;7.6
marathon;SamsungA31;VLC;local;AV1;1280;720;30;90;66;24.1;7.7
marathon;SamsungA31;VLC;local;AV1;1280;720;30;90;76;24.1;7.6
marathon;SamsungA31;VLC;local;AV1;1280;720;30;90;85;24.2;7.8
marathon;SamsungA31;VLC;local;AVC;1280;720;30;90;0;3.2;7.2
marathon;SamsungA31;VLC;local;AVC;1280;720;30;90;9;3.2;7.3
marathon;SamsungA31;VLC;local;AVC;1280;720;30;90;19;3.3;7.4
marathon;SamsungA31;VLC;local;AVC;1280;720;30;90;28;3.1;7.4
marathon;SamsungA31;VLC;local;AVC;1280;720;30;90;38;3.0;7.4
marathon;SamsungA31;VLC;local;AVC;1280;720;30;90;47;3.2;7.4
marathon;SamsungA31;VLC;local;AVC;1280;720;30;90;57;3.1;7.3
marathon;SamsungA31;VLC;local;AVC;1280;720;30;90;66;3.1;7.3
marathon;SamsungA31;VLC;local;AVC;1280;720;30;90;76;3.2;7.3
marathon;SamsungA31;VLC;local;AVC;1280;720;30;90;85;3.0;7.3
marathon;SamsungA31;VLC;local;HEVC;1280;720;30;90;0;3.3;7.0
marathon;SamsungA31;VLC;local;HEVC;1280;720;30;90;9;3.0;7.6
marathon;SamsungA31;VLC;local;HEVC;1280;720;30;90;19;3.1;7.7
marathon;SamsungA31;VLC;local;HEVC;1280;720;30;90;28;3.1;7.9
marathon;SamsungA31;VLC;local;HEVC;1280;720;30;90;38;3.1;7.9
marathon;SamsungA31;VLC;local;HEVC;1280;720;30;90;47;3.1;7.9
marathon;SamsungA31;VLC;local;HEVC;1280;720;30;90;57;3.1;7.9
marathon;SamsungA31;VLC;local;HEVC;1280;720;30;90;66;3.1;7.9
marathon;SamsungA31;VLC;local;HEVC;1280;720;30;90;76;3.1;7.8
marathon;SamsungA31;VLC;local;HEVC;1280;720;30;90;85;3.1;7.9
sunflower;SamsungA31;pAV0NE;local;AV1;1920;1080;25;80;0;19.6;5.8
sunflower;SamsungA31;pAV0NE;local;AV1;1920;1080;25;80;8;21.8;7.6
sunflower;SamsungA31;pAV0NE;local;AV1;1920;1080;25;80;17;21.4;8.6
sunflower;SamsungA31;pAV0NE;local;AV1;1920;1080;25;80;25;21.4;8.6
sunflower;SamsungA31;pAV0NE;local;AV1;1920;1080;25;80;34;21.1;8.6
sunflower;SamsungA31;pAV0NE;local;AV1;1920;1080;25;80;42;22.1;8.6
sunflower;SamsungA31;pAV0NE;local;AV1;1920;1080;25;80;51;21.2;8.6
sunflower;SamsungA31;pAV0NE;local;AV1;1920;1080;25;80;59;21.4;8.6
sunflower;SamsungA31;pAV0NE;local;AV1;1920;1080;25;80;68;21.5;8.6
sunflower;SamsungA31;pAV0NE;local;AV1;1920;1080;25;80;76;20.9;8.6
sunflower;SamsungA31;pAV0NE;local;AVC;1920;1080;25;80;0;4.5;5.9
sunflower;SamsungA31;pAV0NE;local;AVC;1920;1080;25;80;8;4.5;5.9
sunflower;SamsungA31;pAV0NE;local;AVC;1920;1080;25;80;17;4.6;5.9
sunflower;SamsungA31;pAV0NE;local;AVC;1920;1080;25;80;25;4.6;5.9
sunflower;SamsungA31;pAV0NE;local;AVC;1920;1080;25;80;34;4.4;5.9
sunflower;SamsungA31;pAV0NE;local;AVC;1920;1080;25;80;42;4.3;5.9
sunflower;SamsungA31;pAV0NE;local;AVC;1920;1080;25;80;51;4.3;5.9
sunflower;SamsungA31;pAV0NE;local;AVC;1920;1080;25;80;59;4.4;5.9
sunflower;SamsungA31;pAV0NE;local;AVC;1920;1080;25;80;68;4.3;5.9
sunflower;SamsungA31;pAV0NE;local;AVC;1920;1080;25;80;76;4.3;5.9
sunflower;SamsungA31;pAV0NE;local;HEVC;1920;1080;25;80;0;4.5;5.9
sunflower;SamsungA31;pAV0NE;local;HEVC;1920;1080;25;80;8;4.4;5.9
sunflower;SamsungA31;pAV0NE;local;HEVC;1920;1080;25;80;17;4.6;5.9
sunflower;SamsungA31;pAV0NE;local;HEVC;1920;1080;25;80;25;4.4;5.9
sunflower;SamsungA31;pAV0NE;local;HEVC;1920;1080;25;80;34;4.3;5.9
sunflower;SamsungA31;pAV0NE;local;HEVC;1920;1080;25;80;42;4.3;5.9
sunflower;SamsungA31;pAV0NE;local;HEVC;1920;1080;25;80;51;4.3;5.9
sunflower;SamsungA31;pAV0NE;local;HEVC;1920;1080;25;80;59;4.3;5.9
sunflower;SamsungA31;pAV0NE;local;HEVC;1920;1080;25;80;68;5.0;5.9
sunflower;SamsungA31;pAV0NE;local;HEVC;1920;1080;25;80;76;4.2;5.9
sunflower;SamsungA31;VLC;local;AV1;1920;1080;25;80;0;26.5;7.5
sunflower;SamsungA31;VLC;local;AV1;1920;1080;25;80;8;30.5;8.0
sunflower;SamsungA31;VLC;local;AV1;1920;1080;25;80;17;30.2;7.9
sunflower;SamsungA31;VLC;local;AV1;1920;1080;25;80;25;30.9;7.9
sunflower;SamsungA31;VLC;local;AV1;1920;1080;25;80;34;30.8;7.9
sunflower;SamsungA31;VLC;local;AV1;1920;1080;25;80;42;29.4;7.8
sunflower;SamsungA31;VLC;local;AV1;1920;1080;25;80;51;30.6;8.1
sunflower;SamsungA31;VLC;local;AV1;1920;1080;25;80;59;30.9;8.4
sunflower;SamsungA31;VLC;local;AV1;1920;1080;25;80;68;30.2;8.4
sunflower;SamsungA31;VLC;local;AV1;1920;1080;25;80;76;30.8;8.4
sunflower;SamsungA31;VLC;local;AVC;1920;1080;25;80;0;2.8;7.7
sunflower;SamsungA31;VLC;local;AVC;1920;1080;25;80;8;2.9;7.7
sunflower;SamsungA31;VLC;local;AVC;1920;1080;25;80;17;2.9;7.7
sunflower;SamsungA31;VLC;local;AVC;1920;1080;25;80;25;3.0;7.7
sunflower;SamsungA31;VLC;local;AVC;1920;1080;25;80;34;2.9;7.6
sunflower;SamsungA31;VLC;local;AVC;1920;1080;25;80;42;2.9;7.6
sunflower;SamsungA31;VLC;local;AVC;1920;1080;25;80;51;2.9;7.6
sunflower;SamsungA31;VLC;local;AVC;1920;1080;25;80;59;3.0;7.6
sunflower;SamsungA31;VLC;local;AVC;1920;1080;25;80;68;2.9;7.6
sunflower;SamsungA31;VLC;local;AVC;1920;1080;25;80;76;2.9;7.5
sunflower;SamsungA31;VLC;local;HEVC;1920;1080;25;80;0;3.1;7.5
sunflower;SamsungA31;VLC;local;HEVC;1920;1080;25;80;8;2.9;7.6
sunflower;SamsungA31;VLC;local;HEVC;1920;1080;25;80;17;3.0;7.6
sunflower;SamsungA31;VLC;local;HEVC;1920;1080;25;80;25;3.0;7.6
sunflower;SamsungA31;VLC;local;HEVC;1920;1080;25;80;34;2.9;7.5
sunflower;SamsungA31;VLC;local;HEVC;1920;1080;25;80;42;2.9;7.5
sunflower;SamsungA31;VLC;local;HEVC;1920;1080;25;80;51;2.9;7.5
sunflower;SamsungA31;VLC;local;HEVC;1920;1080;25;80;59;2.9;7.5
sunflower;SamsungA31;VLC;local;HEVC;1920;1080;25;80;68;2.9;7.5
sunflower;SamsungA31;VLC;local;HEVC;1920;1080;25;80;76;2.9;7.7
sintel_trailer;SamsungA31;pAV0NE;local;AV1;1920;1080;24;104;0;18.4;5.8
sintel_trailer;SamsungA31;pAV0NE;local;AV1;1920;1080;24;104;10;17.4;8.7
sintel_trailer;SamsungA31;pAV0NE;local;AV1;1920;1080;24;104;21;19.9;8.9
sintel_trailer;SamsungA31;pAV0NE;local;AV1;1920;1080;24;104;31;19.6;8.9
sintel_trailer;SamsungA31;pAV0NE;local;AV1;1920;1080;24;104;42;15.2;8.9
sintel_trailer;SamsungA31;pAV0NE;local;AV1;1920;1080;24;104;52;17.5;8.9
sintel_trailer;SamsungA31;pAV0NE;local;AV1;1920;1080;24;104;63;16.9;8.9
sintel_trailer;SamsungA31;pAV0NE;local;AV1;1920;1080;24;104;73;19.6;8.9
sintel_trailer;SamsungA31;pAV0NE;local;AV1;1920;1080;24;104;84;19.8;8.9
sintel_trailer;SamsungA31;pAV0NE;local;AV1;1920;1080;24;104;94;16.2;8.9
sintel_trailer;SamsungA31;pAV0NE;local;AVC;1920;1080;24;104;0;6.4;5.8
sintel_trailer;SamsungA31;pAV0NE;local;AVC;1920;1080;24;104;10;5.3;5.8
sintel_trailer;SamsungA31;pAV0NE;local;AVC;1920;1080;24;104;21;4.8;5.8
sintel_trailer;SamsungA31;pAV0NE;local;AVC;1920;1080;24;104;31;4.4;5.8
sintel_trailer;SamsungA31;pAV0NE;local;AVC;1920;1080;24;104;42;4.2;5.8
sintel_trailer;SamsungA31;pAV0NE;local;AVC;1920;1080;24;104;52;4.0;5.8
sintel_trailer;SamsungA31;pAV0NE;local;AVC;1920;1080;24;104;63;3.9;5.8
sintel_trailer;SamsungA31;pAV0NE;local;AVC;1920;1080;24;104;73;4.0;5.8
sintel_trailer;SamsungA31;pAV0NE;local;AVC;1920;1080;24;104;84;3.9;5.8
sintel_trailer;SamsungA31;pAV0NE;local;AVC;1920;1080;24;104;94;4.0;5.8
sintel_trailer;SamsungA31;pAV0NE;local;HEVC;1920;1080;24;104;0;4.3;5.9
sintel_trailer;SamsungA31;pAV0NE;local;HEVC;1920;1080;24;104;10;3.9;5.8
sintel_trailer;SamsungA31;pAV0NE;local;HEVC;1920;1080;24;104;21;4.2;5.8
sintel_trailer;SamsungA31;pAV0NE;local;HEVC;1920;1080;24;104;31;3.9;5.8
sintel_trailer;SamsungA31;pAV0NE;local;HEVC;1920;1080;24;104;42;4.1;5.8
sintel_trailer;SamsungA31;pAV0NE;local;HEVC;1920;1080;24;104;52;3.9;5.8
sintel_trailer;SamsungA31;pAV0NE;local;HEVC;1920;1080;24;104;63;3.9;5.8
sintel_trailer;SamsungA31;pAV0NE;local;HEVC;1920;1080;24;104;73;4.0;5.8
sintel_trailer;SamsungA31;pAV0NE;local;HEVC;1920;1080;24;104;84;3.9;5.8
sintel_trailer;SamsungA31;pAV0NE;local;HEVC;1920;1080;24;104;94;3.9;5.8
sintel_trailer;SamsungA31;VLC;local;AV1;1920;1080;24;104;0;24.0;8.4
sintel_trailer;SamsungA31;VLC;local;AV1;1920;1080;24;104;10;21.2;8.8
sintel_trailer;SamsungA31;VLC;local;AV1;1920;1080;24;104;21;27.0;8.4
sintel_trailer;SamsungA31;VLC;local;AV1;1920;1080;24;104;31;27.8;8.4
sintel_trailer;SamsungA31;VLC;local;AV1;1920;1080;24;104;42;19.2;8.4
sintel_trailer;SamsungA31;VLC;local;AV1;1920;1080;24;104;52;22.5;8.4
sintel_trailer;SamsungA31;VLC;local;AV1;1920;1080;24;104;63;23.0;8.5
sintel_trailer;SamsungA31;VLC;local;AV1;1920;1080;24;104;73;27.0;8.4
sintel_trailer;SamsungA31;VLC;local;AV1;1920;1080;24;104;84;27.0;8.4
sintel_trailer;SamsungA31;VLC;local;AV1;1920;1080;24;104;94;21.9;9.6
sintel_trailer;SamsungA31;VLC;local;AVC;1920;1080;24;104;0;3.0;6.4
sintel_trailer;SamsungA31;VLC;local;AVC;1920;1080;24;104;10;2.9;6.7
sintel_trailer;SamsungA31;VLC;local;AVC;1920;1080;24;104;21;2.9;6.6
sintel_trailer;SamsungA31;VLC;local;AVC;1920;1080;24;104;31;2.8;6.7
sintel_trailer;SamsungA31;VLC;local;AVC;1920;1080;24;104;42;2.8;6.7
sintel_trailer;SamsungA31;VLC;local;AVC;1920;1080;24;104;52;2.8;6.6
sintel_trailer;SamsungA31;VLC;local;AVC;1920;1080;24;104;63;2.9;6.5
sintel_trailer;SamsungA31;VLC;local;AVC;1920;1080;24;104;73;2.7;6.5
sintel_trailer;SamsungA31;VLC;local;AVC;1920;1080;24;104;84;2.8;6.5
sintel_trailer;SamsungA31;VLC;local;AVC;1920;1080;24;104;94;2.7;6.7
sintel_trailer;SamsungA31;VLC;local;HEVC;1920;1080;24;104;0;3.0;6.2
sintel_trailer;SamsungA31;VLC;local;HEVC;1920;1080;24;104;10;2.7;6.4
sintel_trailer;SamsungA31;VLC;local;HEVC;1920;1080;24;104;21;2.8;6.4
sintel_trailer;SamsungA31;VLC;local;HEVC;1920;1080;24;104;31;2.8;6.4
sintel_trailer;SamsungA31;VLC;local;HEVC;1920;1080;24;104;42;2.8;6.4
sintel_trailer;SamsungA31;VLC;local;HEVC;1920;1080;24;104;52;2.8;6.3
sintel_trailer;SamsungA31;VLC;local;HEVC;1920;1080;24;104;63;2.8;6.3
sintel_trailer;SamsungA31;VLC;local;HEVC;1920;1080;24;104;73;2.8;6.3
sintel_trailer;SamsungA31;VLC;local;HEVC;1920;1080;24;104;84;2.8;6.4
sintel_trailer;SamsungA31;VLC;local;HEVC;1920;1080;24;104;94;2.8;6.4
big_buck_bunny;SamsungS5;pAV0NE;local;AV1;854;480;24;125;0;6.5;
big_buck_bunny;SamsungS5;pAV0NE;local;AV1;854;480;24;125;12;7.2;
big_buck_bunny;SamsungS5;pAV0NE;local;AV1;854;480;24;125;25;10.5;
big_buck_bunny;SamsungS5;pAV0NE;local;AV1;854;480;24;125;37;9.8;
big_buck_bunny;SamsungS5;pAV0NE;local;AV1;854;480;24;125;50;11.0;
big_buck_bunny;SamsungS5;pAV0NE;local;AV1;854;480;24;125;62;10.0;
big_buck_bunny;SamsungS5;pAV0NE;local;AV1;854;480;24;125;75;11.5;
big_buck_bunny;SamsungS5;pAV0NE;local;AV1;854;480;24;125;87;9.2;
big_buck_bunny;SamsungS5;pAV0NE;local;AV1;854;480;24;125;100;10.0;
big_buck_bunny;SamsungS5;pAV0NE;local;AV1;854;480;24;125;112;10.8;
big_buck_bunny;SamsungS5;pAV0NE;local;AV1;854;480;24;125;125;6.0;
big_buck_bunny;SamsungS5;pAV0NE;local;AVC;854;480;24;125;0;3.8;
big_buck_bunny;SamsungS5;pAV0NE;local;AVC;854;480;24;125;12;4.5;
big_buck_bunny;SamsungS5;pAV0NE;local;AVC;854;480;24;125;25;4.5;
big_buck_bunny;SamsungS5;pAV0NE;local;AVC;854;480;24;125;37;4.5;
big_buck_bunny;SamsungS5;pAV0NE;local;AVC;854;480;24;125;50;4.5;
big_buck_bunny;SamsungS5;pAV0NE;local;AVC;854;480;24;125;62;4.2;
big_buck_bunny;SamsungS5;pAV0NE;local;AVC;854;480;24;125;75;4.5;
big_buck_bunny;SamsungS5;pAV0NE;local;AVC;854;480;24;125;87;4.2;
big_buck_bunny;SamsungS5;pAV0NE;local;AVC;854;480;24;125;100;4.5;
big_buck_bunny;SamsungS5;pAV0NE;local;AVC;854;480;24;125;112;4.2;
big_buck_bunny;SamsungS5;pAV0NE;local;AVC;854;480;24;125;125;1.8;
big_buck_bunny;SamsungS5;pAV0NE;local;HEVC;854;480;24;125;0;8.2;
big_buck_bunny;SamsungS5;pAV0NE;local;HEVC;854;480;24;125;12;8.8;
big_buck_bunny;SamsungS5;pAV0NE;local;HEVC;854;480;24;125;25;9.0;
big_buck_bunny;SamsungS5;pAV0NE;local;HEVC;854;480;24;125;37;8.8;
big_buck_bunny;SamsungS5;pAV0NE;local;HEVC;854;480;24;125;50;9.0;
big_buck_bunny;SamsungS5;pAV0NE;local;HEVC;854;480;24;125;62;9.0;
big_buck_bunny;SamsungS5;pAV0NE;local;HEVC;854;480;24;125;75;8.5;
big_buck_bunny;SamsungS5;pAV0NE;local;HEVC;854;480;24;125;87;8.5;
big_buck_bunny;SamsungS5;pAV0NE;local;HEVC;854;480;24;125;100;9.0;
big_buck_bunny;SamsungS5;pAV0NE;local;HEVC;854;480;24;125;112;9.0;
big_buck_bunny;SamsungS5;pAV0NE;local;HEVC;854;480;24;125;125;4.2;
big_buck_bunny;SamsungS5;VLC;local;AV1;854;480;24;125;0;6.2;
big_buck_bunny;SamsungS5;VLC;local;AV1;854;480;24;125;12;8.0;
big_buck_bunny;SamsungS5;VLC;local;AV1;854;480;24;125;25;8.8;
big_buck_bunny;SamsungS5;VLC;local;AV1;854;480;24;125;37;8.8;
big_buck_bunny;SamsungS5;VLC;local;AV1;854;480;24;125;50;8.8;
big_buck_bunny;SamsungS5;VLC;local;AV1;854;480;24;125;62;8.5;
big_buck_bunny;SamsungS5;VLC;local;AV1;854;480;24;125;75;9.0;
big_buck_bunny;SamsungS5;VLC;local;AV1;854;480;24;125;87;8.0;
big_buck_bunny;SamsungS5;VLC;local;AV1;854;480;24;125;100;8.5;
big_buck_bunny;SamsungS5;VLC;local;AV1;854;480;24;125;112;8.2;
big_buck_bunny;SamsungS5;VLC;local;AV1;854;480;24;125;125;5.0;
big_buck_bunny;SamsungS5;VLC;local;AVC;854;480;24;125;0;3.0;
big_buck_bunny;SamsungS5;VLC;local;AVC;854;480;24;125;12;3.5;
big_buck_bunny;SamsungS5;VLC;local;AVC;854;480;24;125;25;3.2;
big_buck_bunny;SamsungS5;VLC;local;AVC;854;480;24;125;37;3.2;
big_buck_bunny;SamsungS5;VLC;local;AVC;854;480;24;125;50;3.5;
big_buck_bunny;SamsungS5;VLC;local;AVC;854;480;24;125;62;3.2;
big_buck_bunny;SamsungS5;VLC;local;AVC;854;480;24;125;75;3.5;
big_buck_bunny;SamsungS5;VLC;local;AVC;854;480;24;125;87;3.5;
big_buck_bunny;SamsungS5;VLC;local;AVC;854;480;24;125;100;3.0;
big_buck_bunny;SamsungS5;VLC;local;AVC;854;480;24;125;112;3.2;
big_buck_bunny;SamsungS5;VLC;local;AVC;854;480;24;125;125;1.5;
big_buck_bunny;SamsungS5;VLC;local;HEVC;854;480;24;125;0;8.5;
big_buck_bunny;SamsungS5;VLC;local;HEVC;854;480;24;125;12;9.5;
big_buck_bunny;SamsungS5;VLC;local;HEVC;854;480;24;125;25;10.5;
big_buck_bunny;SamsungS5;VLC;local;HEVC;854;480;24;125;37;10.0;
big_buck_bunny;SamsungS5;VLC;local;HEVC;854;480;24;125;50;10.0;
big_buck_bunny;SamsungS5;VLC;local;HEVC;854;480;24;125;62;9.2;
big_buck_bunny;SamsungS5;VLC;local;HEVC;854;480;24;125;75;10.2;
big_buck_bunny;SamsungS5;VLC;local;HEVC;854;480;24;125;87;8.8;
big_buck_bunny;SamsungS5;VLC;local;HEVC;854;480;24;125;100;9.5;
big_buck_bunny;SamsungS5;VLC;local;HEVC;854;480;24;125;112;10.0;
big_buck_bunny;SamsungS5;VLC;local;HEVC;854;480;24;125;125;4.2;
marathon;SamsungS5;pAV0NE;local;AV1;1280;720;25;76;0;19.0;
marathon;SamsungS5;pAV0NE;local;AV1;1280;720;25;76;7;19.0;
marathon;SamsungS5;pAV0NE;local;AV1;1280;720;25;76;15;17.8;
marathon;SamsungS5;pAV0NE;local;AV1;1280;720;25;76;22;18.8;
marathon;SamsungS5;pAV0NE;local;AV1;1280;720;25;76;30;18.5;
marathon;SamsungS5;pAV0NE;local;AV1;1280;720;25;76;37;18.0;
marathon;SamsungS5;pAV0NE;local;AV1;1280;720;25;76;45;18.5;
marathon;SamsungS5;pAV0NE;local;AV1;1280;720;25;76;52;17.8;
marathon;SamsungS5;pAV0NE;local;AV1;1280;720;25;76;60;18.8;
marathon;SamsungS5;pAV0NE;local;AV1;1280;720;25;76;67;18.8;
marathon;SamsungS5;pAV0NE;local;AV1;1280;720;25;76;75;18.5;
marathon;SamsungS5;pAV0NE;local;AVC;1280;720;25;76;0;3.2;
marathon;SamsungS5;pAV0NE;local;AVC;1280;720;25;76;7;4.5;
marathon;SamsungS5;pAV0NE;local;AVC;1280;720;25;76;15;4.5;
marathon;SamsungS5;pAV0NE;local;AVC;1280;720;25;76;22;4.8;
marathon;SamsungS5;pAV0NE;local;AVC;1280;720;25;76;30;4.2;
marathon;SamsungS5;pAV0NE;local;AVC;1280;720;25;76;37;4.5;
marathon;SamsungS5;pAV0NE;local;AVC;1280;720;25;76;45;4.8;
marathon;SamsungS5;pAV0NE;local;AVC;1280;720;25;76;52;4.8;
marathon;SamsungS5;pAV0NE;local;AVC;1280;720;25;76;60;4.5;
marathon;SamsungS5;pAV0NE;local;AVC;1280;720;25;76;67;4.5;
marathon;SamsungS5;pAV0NE;local;AVC;1280;720;25;76;75;4.5;
marathon;SamsungS5;pAV0NE;local;HEVC;1280;720;25;76;0;10.8;
marathon;SamsungS5;pAV0NE;local;HEVC;1280;720;25;76;7;11.5;
marathon;SamsungS5;pAV0NE;local;HEVC;1280;720;25;76;15;11.0;
marathon;SamsungS5;pAV0NE;local;HEVC;1280;720;25;76;22;11.8;
marathon;SamsungS5;pAV0NE;local;HEVC;1280;720;25;76;30;11.2;
marathon;SamsungS5;pAV0NE;local;HEVC;1280;720;25;76;37;11.5;
marathon;SamsungS5;pAV0NE;local;HEVC;1280;720;25;76;45;11.2;
marathon;SamsungS5;pAV0NE;local;HEVC;1280;720;25;76;52;11.2;
marathon;SamsungS5;pAV0NE;local;HEVC;1280;720;25;76;60;11.2;
marathon;SamsungS5;pAV0NE;local;HEVC;1280;720;25;76;67;12.0;
marathon;SamsungS5;pAV0NE;local;HEVC;1280;720;25;76;75;10.5;
marathon;SamsungS5;VLC;local;AV1;1280;720;25;76;0;8.2;
marathon;SamsungS5;VLC;local;AV1;1280;720;25;76;7;13.2;
marathon;SamsungS5;VLC;local;AV1;1280;720;25;76;15;11.5;
marathon;SamsungS5;VLC;local;AV1;1280;720;25;76;22;11.0;
marathon;SamsungS5;VLC;local;AV1;1280;720;25;76;30;12.2;
marathon;SamsungS5;VLC;local;AV1;1280;720;25;76;37;12.2;
marathon;SamsungS5;VLC;local;AV1;1280;720;25;76;45;12.2;
marathon;SamsungS5;VLC;local;AV1;1280;720;25;76;52;11.2;
marathon;SamsungS5;VLC;local;AV1;1280;720;25;76;60;12.8;
marathon;SamsungS5;VLC;local;AV1;1280;720;25;76;67;14.5;
marathon;SamsungS5;VLC;local;AV1;1280;720;25;76;75;10.0;
marathon;SamsungS5;VLC;local;AVC;1280;720;25;76;0;2.0;
marathon;SamsungS5;VLC;local;AVC;1280;720;25;76;7;3.8;
marathon;SamsungS5;VLC;local;AVC;1280;720;25;76;15;3.5;
marathon;SamsungS5;VLC;local;AVC;1280;720;25;76;22;3.2;
marathon;SamsungS5;VLC;local;AVC;1280;720;25;76;30;3.5;
marathon;SamsungS5;VLC;local;AVC;1280;720;25;76;37;3.5;
marathon;SamsungS5;VLC;local;AVC;1280;720;25;76;45;3.5;
marathon;SamsungS5;VLC;local;AVC;1280;720;25;76;52;3.5;
marathon;SamsungS5;VLC;local;AVC;1280;720;25;76;60;3.2;
marathon;SamsungS5;VLC;local;AVC;1280;720;25;76;67;1.8;
marathon;SamsungS5;VLC;local;AVC;1280;720;25;76;75;2.8;
marathon;SamsungS5;VLC;local;HEVC;1280;720;25;76;0;9.5;
marathon;SamsungS5;VLC;local;HEVC;1280;720;25;76;7;12.0;
marathon;SamsungS5;VLC;local;HEVC;1280;720;25;76;15;11.2;
marathon;SamsungS5;VLC;local;HEVC;1280;720;25;76;22;11.5;
marathon;SamsungS5;VLC;local;HEVC;1280;720;25;76;30;11.0;
marathon;SamsungS5;VLC;local;HEVC;1280;720;25;76;37;11.5;
marathon;SamsungS5;VLC;local;HEVC;1280;720;25;76;45;11.5;
marathon;SamsungS5;VLC;local;HEVC;1280;720;25;76;52;10.2;
marathon;SamsungS5;VLC;local;HEVC;1280;720;25;76;60;9.5;
marathon;SamsungS5;VLC;local;HEVC;1280;720;25;76;67;9.8;
marathon;SamsungS5;VLC;local;HEVC;1280;720;25;76;75;11.0;
big_buck_bunny;SamsungA31;pAV0NE;DASH;AV1;854;480;24;125;0;10.9;6.2
big_buck_bunny;SamsungA31;pAV0NE;DASH;AV1;854;480;24;125;12;9.8;6.6
big_buck_bunny;SamsungA31;pAV0NE;DASH;AV1;854;480;24;125;24;9.7;6.6
big_buck_bunny;SamsungA31;pAV0NE;DASH;AV1;854;480;24;125;36;9.2;6.6
big_buck_bunny;SamsungA31;pAV0NE;DASH;AV1;854;480;24;125;48;10.0;6.6
big_buck_bunny;SamsungA31;pAV0NE;DASH;AV1;854;480;24;125;60;9.5;6.6
big_buck_bunny;SamsungA31;pAV0NE;DASH;AV1;854;480;24;125;72;10.2;6.6
big_buck_bunny;SamsungA31;pAV0NE;DASH;AV1;854;480;24;125;84;7.9;6.6
big_buck_bunny;SamsungA31;pAV0NE;DASH;AV1;854;480;24;125;96;8.6;6.6
big_buck_bunny;SamsungA31;pAV0NE;DASH;AV1;854;480;24;125;108;8.9;6.6
big_buck_bunny;SamsungA31;pAV0NE;DASH;AV1;854;480;24;125;120;4.7;6.6
big_buck_bunny;SamsungA31;pAV0NE;DASH;AVC;854;480;24;125;0;5.2;6.7
big_buck_bunny;SamsungA31;pAV0NE;DASH;AVC;854;480;24;125;12;4.3;6.1
big_buck_bunny;SamsungA31;pAV0NE;DASH;AVC;854;480;24;125;24;4.0;6.0
big_buck_bunny;SamsungA31;pAV0NE;DASH;AVC;854;480;24;125;36;3.8;6.1
big_buck_bunny;SamsungA31;pAV0NE;DASH;AVC;854;480;24;125;48;3.9;6.1
big_buck_bunny;SamsungA31;pAV0NE;DASH;AVC;854;480;24;125;60;3.8;6.1
big_buck_bunny;SamsungA31;pAV0NE;DASH;AVC;854;480;24;125;72;3.8;6.1
big_buck_bunny;SamsungA31;pAV0NE;DASH;AVC;854;480;24;125;84;3.6;6.1
big_buck_bunny;SamsungA31;pAV0NE;DASH;AVC;854;480;24;125;96;3.6;6.1
big_buck_bunny;SamsungA31;pAV0NE;DASH;AVC;854;480;24;125;108;3.7;6.1
big_buck_bunny;SamsungA31;pAV0NE;DASH;AVC;854;480;24;125;120;2.0;6.1
big_buck_bunny;SamsungA31;pAV0NE;DASH;HEVC;854;480;24;125;0;4.0;6.5
big_buck_bunny;SamsungA31;pAV0NE;DASH;HEVC;854;480;24;125;12;3.8;5.9
big_buck_bunny;SamsungA31;pAV0NE;DASH;HEVC;854;480;24;125;24;3.9;6.0
big_buck_bunny;SamsungA31;pAV0NE;DASH;HEVC;854;480;24;125;36;3.8;6.0
big_buck_bunny;SamsungA31;pAV0NE;DASH;HEVC;854;480;24;125;48;3.8;6.0
big_buck_bunny;SamsungA31;pAV0NE;DASH;HEVC;854;480;24;125;60;4.0;6.0
big_buck_bunny;SamsungA31;pAV0NE;DASH;HEVC;854;480;24;125;72;3.7;5.9
big_buck_bunny;SamsungA31;pAV0NE;DASH;HEVC;854;480;24;125;84;3.6;5.9
big_buck_bunny;SamsungA31;pAV0NE;DASH;HEVC;854;480;24;125;96;3.7;5.9
big_buck_bunny;SamsungA31;pAV0NE;DASH;HEVC;854;480;24;125;108;3.6;5.9
big_buck_bunny;SamsungA31;pAV0NE;DASH;HEVC;854;480;24;125;120;2.3;5.9
marathon;SamsungA31;pAV0NE;DASH;AV1;1280;720;30;90;0;16.6;7.6
marathon;SamsungA31;pAV0NE;DASH;AV1;1280;720;30;90;9;17.1;7.8
marathon;SamsungA31;pAV0NE;DASH;AV1;1280;720;30;90;18;17.1;7.7
marathon;SamsungA31;pAV0NE;DASH;AV1;1280;720;30;90;27;17.1;7.7
marathon;SamsungA31;pAV0NE;DASH;AV1;1280;720;30;90;36;16.8;7.7
marathon;SamsungA31;pAV0NE;DASH;AV1;1280;720;30;90;45;16.8;7.7
marathon;SamsungA31;pAV0NE;DASH;AV1;1280;720;30;90;54;16.5;7.7
marathon;SamsungA31;pAV0NE;DASH;AV1;1280;720;30;90;63;15.8;7.7
marathon;SamsungA31;pAV0NE;DASH;AV1;1280;720;30;90;72;16.4;7.2
marathon;SamsungA31;pAV0NE;DASH;AV1;1280;720;30;90;81;16.6;7.2
marathon;SamsungA31;pAV0NE;DASH;AV1;1280;720;30;90;90;3.5;7.2
marathon;SamsungA31;pAV0NE;DASH;AVC;1280;720;30;90;0;5.6;6.1
marathon;SamsungA31;pAV0NE;DASH;AVC;1280;720;30;90;9;4.7;6.2
marathon;SamsungA31;pAV0NE;DASH;AVC;1280;720;30;90;18;4.5;6.2
marathon;SamsungA31;pAV0NE;DASH;AVC;1280;720;30;90;27;4.6;6.2
marathon;SamsungA31;pAV0NE;DASH;AVC;1280;720;30;90;36;4.4;6.2
marathon;SamsungA31;pAV0NE;DASH;AVC;1280;720;30;90;45;4.3;6.2
marathon;SamsungA31;pAV0NE;DASH;AVC;1280;720;30;90;54;4.3;6.2
marathon;SamsungA31;pAV0NE;DASH;AVC;1280;720;30;90;63;4.2;6.2
marathon;SamsungA31;pAV0NE;DASH;AVC;1280;720;30;90;72;4.3;6.2
marathon;SamsungA31;pAV0NE;DASH;AVC;1280;720;30;90;81;4.2;6.2
marathon;SamsungA31;pAV0NE;DASH;AVC;1280;720;30;90;90;0.8;6.2
marathon;SamsungA31;pAV0NE;DASH;HEVC;1280;720;30;90;0;5.4;6.0
marathon;SamsungA31;pAV0NE;DASH;HEVC;1280;720;30;90;9;4.6;6.0
marathon;SamsungA31;pAV0NE;DASH;HEVC;1280;720;30;90;18;4.3;6.0
marathon;SamsungA31;pAV0NE;DASH;HEVC;1280;720;30;90;27;4.4;6.0
marathon;SamsungA31;pAV0NE;DASH;HEVC;1280;720;30;90;36;4.3;6.0
marathon;SamsungA31;pAV0NE;DASH;HEVC;1280;720;30;90;45;4.1;6.0
marathon;SamsungA31;pAV0NE;DASH;HEVC;1280;720;30;90;54;4.1;6.0
marathon;SamsungA31;pAV0NE;DASH;HEVC;1280;720;30;90;63;4.1;6.0
marathon;SamsungA31;pAV0NE;DASH;HEVC;1280;720;30;90;72;4.0;6.0
marathon;SamsungA31;pAV0NE;DASH;HEVC;1280;720;30;90;81;4.1;6.0
marathon;SamsungA31;pAV0NE;DASH;HEVC;1280;720;30;90;90;0.8;6.0
sunflower;SamsungA31;pAV0NE;DASH;AV1;1920;1080;25;80;0;22.4;5.9
sunflower;SamsungA31;pAV0NE;DASH;AV1;1920;1080;25;80;8;24.2;8.5
sunflower;SamsungA31;pAV0NE;DASH;AV1;1920;1080;25;80;16;21.4;8.7
sunflower;SamsungA31;pAV0NE;DASH;AV1;1920;1080;25;80;24;21.1;8.7
sunflower;SamsungA31;pAV0NE;DASH;AV1;1920;1080;25;80;32;20.4;8.7
sunflower;SamsungA31;pAV0NE;DASH;AV1;1920;1080;25;80;40;21.8;8.7
sunflower;SamsungA31;pAV0NE;DASH;AV1;1920;1080;25;80;48;20.4;8.7
sunflower;SamsungA31;pAV0NE;DASH;AV1;1920;1080;25;80;56;20.9;8.7
sunflower;SamsungA31;pAV0NE;DASH;AV1;1920;1080;25;80;64;21.4;8.7
sunflower;SamsungA31;pAV0NE;DASH;AV1;1920;1080;25;80;72;20.9;8.7
sunflower;SamsungA31;pAV0NE;DASH;AV1;1920;1080;25;80;80;3.3;8.7
sunflower;SamsungA31;pAV0NE;DASH;AVC;1920;1080;25;80;0;6.4;7.0
sunflower;SamsungA31;pAV0NE;DASH;AVC;1920;1080;25;80;8;4.6;6.1
sunflower;SamsungA31;pAV0NE;DASH;AVC;1920;1080;25;80;16;4.5;6.1
sunflower;SamsungA31;pAV0NE;DASH;AVC;1920;1080;25;80;24;3.8;6.1
sunflower;SamsungA31;pAV0NE;DASH;AVC;1920;1080;25;80;32;4.0;6.1
sunflower;SamsungA31;pAV0NE;DASH;AVC;1920;1080;25;80;40;4.0;6.1
sunflower;SamsungA31;pAV0NE;DASH;AVC;1920;1080;25;80;48;4.0;6.1
sunflower;SamsungA31;pAV0NE;DASH;AVC;1920;1080;25;80;56;4.0;6.1
sunflower;SamsungA31;pAV0NE;DASH;AVC;1920;1080;25;80;64;3.9;6.1
sunflower;SamsungA31;pAV0NE;DASH;AVC;1920;1080;25;80;72;4.0;6.1
sunflower;SamsungA31;pAV0NE;DASH;AVC;1920;1080;25;80;80;0.6;6.1
sunflower;SamsungA31;pAV0NE;DASH;HEVC;1920;1080;25;80;0;6.1;6.0
sunflower;SamsungA31;pAV0NE;DASH;HEVC;1920;1080;25;80;8;5.2;5.9
sunflower;SamsungA31;pAV0NE;DASH;HEVC;1920;1080;25;80;16;4.5;5.9
sunflower;SamsungA31;pAV0NE;DASH;HEVC;1920;1080;25;80;24;3.9;5.9
sunflower;SamsungA31;pAV0NE;DASH;HEVC;1920;1080;25;80;32;3.8;5.9
sunflower;SamsungA31;pAV0NE;DASH;HEVC;1920;1080;25;80;40;3.9;5.9
sunflower;SamsungA31;pAV0NE;DASH;HEVC;1920;1080;25;80;48;3.9;5.9
sunflower;SamsungA31;pAV0NE;DASH;HEVC;1920;1080;25;80;56;3.9;5.9
sunflower;SamsungA31;pAV0NE;DASH;HEVC;1920;1080;25;80;64;3.9;5.9
sunflower;SamsungA31;pAV0NE;DASH;HEVC;1920;1080;25;80;72;3.8;5.9
sunflower;SamsungA31;pAV0NE;DASH;HEVC;1920;1080;25;80;80;0.9;5.9
marathon;SamsungS5;pAV0NE;DASH;AV1;1280;720;25;76;0;13.0;
marathon;SamsungS5;pAV0NE;DASH;AV1;1280;720;25;76;7;20.5;
marathon;SamsungS5;pAV0NE;DASH;AV1;1280;720;25;76;15;19.2;
marathon;SamsungS5;pAV0NE;DASH;AV1;1280;720;25;76;22;18.8;
marathon;SamsungS5;pAV0NE;DASH;AV1;1280;720;25;76;30;18.8;
marathon;SamsungS5;pAV0NE;DASH;AV1;1280;720;25;76;37;17.8;
marathon;SamsungS5;pAV0NE;DASH;AV1;1280;720;25;76;45;18.5;
marathon;SamsungS5;pAV0NE;DASH;AV1;1280;720;25;76;52;18.5;
marathon;SamsungS5;pAV0NE;DASH;AV1;1280;720;25;76;60;17.8;
marathon;SamsungS5;pAV0NE;DASH;AV1;1280;720;25;76;67;19.0;
marathon;SamsungS5;pAV0NE;DASH;AV1;1280;720;25;76;75;18.2;
marathon;SamsungS5;pAV0NE;DASH;AVC;1280;720;25;76;0;2.5;
marathon;SamsungS5;pAV0NE;DASH;AVC;1280;720;25;76;7;4.0;
marathon;SamsungS5;pAV0NE;DASH;AVC;1280;720;25;76;15;5.2;
marathon;SamsungS5;pAV0NE;DASH;AVC;1280;720;25;76;22;4.2;
marathon;SamsungS5;pAV0NE;DASH;AVC;1280;720;25;76;30;4.2;
marathon;SamsungS5;pAV0NE;DASH;AVC;1280;720;25;76;37;4.5;
marathon;SamsungS5;pAV0NE;DASH;AVC;1280;720;25;76;45;3.0;
marathon;SamsungS5;pAV0NE;DASH;AVC;1280;720;25;76;52;4.5;
marathon;SamsungS5;pAV0NE;DASH;AVC;1280;720;25;76;60;4.8;
marathon;SamsungS5;pAV0NE;DASH;AVC;1280;720;25;76;67;4.2;
marathon;SamsungS5;pAV0NE;DASH;AVC;1280;720;25;76;75;4.8;
marathon;SamsungS5;pAV0NE;DASH;HEVC;1280;720;25;76;0;6.2;
marathon;SamsungS5;pAV0NE;DASH;HEVC;1280;720;25;76;7;8.0;
marathon;SamsungS5;pAV0NE;DASH;HEVC;1280;720;25;76;15;7.8;
marathon;SamsungS5;pAV0NE;DASH;HEVC;1280;720;25;76;22;8.2;
marathon;SamsungS5;pAV0NE;DASH;HEVC;1280;720;25;76;30;8.0;
marathon;SamsungS5;pAV0NE;DASH;HEVC;1280;720;25;76;37;7.8;
marathon;SamsungS5;pAV0NE;DASH;HEVC;1280;720;25;76;45;8.2;
marathon;SamsungS5;pAV0NE;DASH;HEVC;1280;720;25;76;52;7.8;
marathon;SamsungS5;pAV0NE;DASH;HEVC;1280;720;25;76;60;8.5;
marathon;SamsungS5;pAV0NE;DASH;HEVC;1280;720;25;76;67;7.8;
marathon;SamsungS5;pAV0NE;DASH;HEVC;1280;720;25;76;75;8.2;
big_buck_bunny;SamsungS5;pAV0NE;DASH;AV1;854;480;24;125;0;6.2;
big_buck_bunny;SamsungS5;pAV0NE;DASH;AV1;854;480;24;125;12;9.5;
big_buck_bunny;SamsungS5;pAV0NE;DASH;AV1;854;480;24;125;24;11.0;
big_buck_bunny;SamsungS5;pAV0NE;DASH;AV1;854;480;24;125;36;9.8;
big_buck_bunny;SamsungS5;pAV0NE;DASH;AV1;854;480;24;125;48;10.2;
big_buck_bunny;SamsungS5;pAV0NE;DASH;AV1;854;480;24;125;60;10.2;
big_buck_bunny;SamsungS5;pAV0NE;DASH;AV1;854;480;24;125;72;11.0;
big_buck_bunny;SamsungS5;pAV0NE;DASH;AV1;854;480;24;125;84;8.8;
big_buck_bunny;SamsungS5;pAV0NE;DASH;AV1;854;480;24;125;96;10.2;
big_buck_bunny;SamsungS5;pAV0NE;DASH;AV1;854;480;24;125;108;10.8;
big_buck_bunny;SamsungS5;pAV0NE;DASH;AV1;854;480;24;125;120;5.8;
big_buck_bunny;SamsungS5;pAV0NE;DASH;AVC;854;480;24;125;0;3.2;
big_buck_bunny;SamsungS5;pAV0NE;DASH;AVC;854;480;24;125;12;4.0;
big_buck_bunny;SamsungS5;pAV0NE;DASH;AVC;854;480;24;125;24;4.8;
big_buck_bunny;SamsungS5;pAV0NE;DASH;AVC;854;480;24;125;36;4.2;
big_buck_bunny;SamsungS5;pAV0NE;DASH;AVC;854;480;24;125;48;4.5;
big_buck_bunny;SamsungS5;pAV0NE;DASH;AVC;854;480;24;125;60;4.5;
big_buck_bunny;SamsungS5;pAV0NE;DASH;AVC;854;480;24;125;72;4.5;
big_buck_bunny;SamsungS5;pAV0NE;DASH;AVC;854;480;24;125;84;4.8;
big_buck_bunny;SamsungS5;pAV0NE;DASH;AVC;854;480;24;125;96;4.5;
big_buck_bunny;SamsungS5;pAV0NE;DASH;AVC;854;480;24;125;108;4.8;
big_buck_bunny;SamsungS5;pAV0NE;DASH;AVC;854;480;24;125;120;2.2;
big_buck_bunny;SamsungS5;pAV0NE;DASH;HEVC;854;480;24;125;0;7.5;
big_buck_bunny;SamsungS5;pAV0NE;DASH;HEVC;854;480;24;125;12;9.0;
big_buck_bunny;SamsungS5;pAV0NE;DASH;HEVC;854;480;24;125;24;9.0;
big_buck_bunny;SamsungS5;pAV0NE;DASH;HEVC;854;480;24;125;36;8.8;
big_buck_bunny;SamsungS5;pAV0NE;DASH;HEVC;854;480;24;125;48;7.5;
big_buck_bunny;SamsungS5;pAV0NE;DASH;HEVC;854;480;24;125;60;8.8;
big_buck_bunny;SamsungS5;pAV0NE;DASH;HEVC;854;480;24;125;72;9.2;
big_buck_bunny;SamsungS5;pAV0NE;DASH;HEVC;854;480;24;125;84;9.0;
big_buck_bunny;SamsungS5;pAV0NE;DASH;HEVC;854;480;24;125;96;8.5;
big_buck_bunny;SamsungS5;pAV0NE;DASH;HEVC;854;480;24;125;108;9.0;
big_buck_bunny;SamsungS5;pAV0NE;DASH;HEVC;854;480;24;125;120;5.2;